CREATE TABLE PELICULA(
ID_PELICULA INT PRIMARY KEY,
NOMBRE VARCHAR(15) NOT NULL,
AÑO_LANZAMIENTO INT NOT NULL,
RECAUDACION MONEY NOT NULL,
MONEDA_RECAUDACION VARCHAR(5) NOT NULL,
);

SELECT * FROM PELICULA

INSERT INTO PELICULA VALUES (1, 'DEADPOOL', 2016, 782698474, 'USD');
INSERT INTO PELICULA VALUES (2, 'AVENGERS', 2012, 1519000000, 'USD');

UPDATE PELICULA SET NOMBRE='EL ARO'
WHERE ID_PELICULA='65'
AND AÑO_LANZAMIENTO='2000'

DELETE FROM GENERO WHERE NOMBRE='Terror'

UPDATE PELICULA SET NOMBRE='DURO DE MATAR'
WHERE ID_PELICULA='65'
AND AÑO_LANZAMIENTO='2015'

DELETE FROM GENERO WHERE NOMBRE='Acción'

CREATE TABLE ELENCO(
ID_ELENCO INT PRIMARY KEY,
ID_PELICULA INT NOT NULL FOREIGN KEY REFERENCES PELICULA (ID_PELICULA),
ID_ACTORES INT NOT NULL FOREIGN KEY REFERENCES ACTORES (ID_ACTORES)
);

SELECT * FROM ELENCO

INSERT INTO ELENCO VALUES (3,1,4);
INSERT INTO ELENCO VALUES (4,2,5);

CREATE TABLE ACTORES(
ID_ACTORES INT PRIMARY KEY,
NOMBRE VARCHAR(15) NOT NULL,
APELLIDO VARCHAR(15) NOT NULL,
AÑO_NACIMIENTO INT NOT NULL,
);

SELECT * FROM ACTORES

INSERT INTO ACTORES VALUES (4, 'Ryan', 'Reynolds', 1976);
INSERT INTO ACTORES VALUES (5, 'Robert', 'Downey Jr', 1965);

CREATE TABLE PREMIOS_PELICULAS(
ID_PREMIOS_PELICULAS INT PRIMARY KEY,
ID_PELICULA INT NOT NULL FOREIGN KEY REFERENCES PELICULA (ID_PELICULA),
ID_PREMIOS INT NOT NULL FOREIGN KEY REFERENCES PREMIOS (ID_PREMIOS),
CANTIDAD INT NOT NULL
);

SELECT * FROM PREMIOS_PELICULAS

INSERT INTO PREMIOS_PELICULAS VALUES (6, 1, 7, 1);
INSERT INTO PREMIOS_PELICULAS VALUES (7, 2, 8, 1);

CREATE TABLE PREMIOS(
ID_PREMIOS INT PRIMARY KEY,
NOMBRE VARCHAR(50) NOT NULL
);

SELECT * FROM PREMIOS

INSERT INTO PREMIOS VALUES (7, 'Oscar');
INSERT INTO PREMIOS VALUES (8, 'Soberano');

CREATE TABLE GENERO_PELICULA(
ID_GENERO_PELICULA INT PRIMARY KEY,
ID_PELICULA INT NOT NULL FOREIGN KEY REFERENCES PELICULA (ID_PELICULA),
ID_GENERO INT NOT NULL FOREIGN KEY REFERENCES GENERO (ID_GENERO)
);

SELECT * FROM GENERO_PELICULA

INSERT INTO GENERO_PELICULA VALUES (8, 1, 9);
INSERT INTO GENERO_PELICULA VALUES (9, 2, 10);

CREATE TABLE GENERO(
ID_GENERO INT PRIMARY KEY,
NOMBRE VARCHAR(15) NOT NULL,
);

SELECT * FROM GENERO

INSERT INTO GENERO VALUES (9, 'DRAMA');
INSERT INTO GENERO VALUES (10, 'DRAMA');

SELECT PELICULA.NOMBRE NOMBRE_PELICULA, GENERO.NOMBRE GENERO
FROM GENERO_PELICULA
INNER JOIN PELICULA
ON GENERO_PELICULA.ID_PELICULA = PELICULA.ID_PELICULA
INNER JOIN GENERO
ON GENERO_PELICULA.ID_GENERO = GENERO.ID_GENERO WHERE GENERO.NOMBRE = 'DRAMA'